{"cameraMode":{"drawMode":0,"name":"Shaded","section":"Shading Mode"},"sceneLighting":false,"audioPlay":false,"sceneViewState":{"showFog":true,"showMaterialUpdate":false,"showSkybox":true,"showFlares":true,"showImageEffects":true,"showParticleSystems":true},"in2DMode":false,"pivot":{"x":0.0006017191335558891,"y":0.24406978487968446,"z":0.08286812901496887},"rotation":{"x":-0.13191336393356324,"y":0.012486631982028485,"z":-0.0016621459508314729,"w":-0.991184651851654},"size":0.39890825748443606,"orthographic":false}